,carrier_frequency_per_100k,estimated_prevalence_per_100k,calculated_penetrance_percent,literature_penetrance_percent,penetrance_ratio_literature_vs_calculated
11778G>A,42.54,1.2155,2.8573107663375645,43.0,15.049115590292061
14484T>C,65.58,0.374,0.5702958218969199,65.0,113.975935828877
3460G>A,1.77,0.187,10.564971751412429,78.0,7.382887700534759
