scenario,prevalence,male_11778_nonsmoker,female_11778_nonsmoker,male_11778_heavy_smoker,male_14484_j_haplotype,male_3460_nonsmoker
optimistic,2.5026314535191094,2.8625623971242264,0.13498980316300932,6.733691266180553,1.361375520751827,18.369110643794496
pessimistic,95.79726200669745,99.98955693717298,84.1344746068543,99.99999809899288,99.96645431713559,99.99987495124184
base_case,49.901636023067475,83.18501510875704,15.865525393145708,98.26599603036261,74.36532525759986,98.81359130467764
