Subgroup,Penetrance
Overall,0.44
11778G>A,0.35294117647058826
14484T>C,0.48484848484848486
Male,0.5172413793103449
Female,0.3333333333333333
11778G>A_Male,0.4444444444444444
11778G>A_Female,0.25
14484T>C_Male,0.55
14484T>C_Female,0.38461538461538464
Heavy_Smokers,0.5333333333333333
High_Risk_11778_Male_Heavy_Smoker,0.5
