mutation,carrier_frequency_per_100k,average_penetrance,patient_prevalence_per_100k,one_in_x_patients
11778G>A,42.54,4.558811025099334,1.9393182100772566,51564.513487457174
14484T>C,65.58,0.6672463176348604,0.4375801351049414,228529.5697347362
3460G>A,1.77,17.145027204878037,0.3034669815263412,329525.1414075831
