mutation,frequency_per_100k,one_in_x,percentage
11778G>A,42.54,2350.7287259050304,0.04254
14484T>C,65.58,1524.8551387618177,0.06558
3460G>A,1.77,56497.17514124294,0.00177
